{
  "metadata": {
    "schemaVersion": "1.0",
    "importType": "LEX",
    "importFormat": "JSON"
  },
  "resource": {
    "description": "riskLevel",
    "name": "riskLevel",
    "version": "2",
    "enumerationValues": [
      {
        "value": "High",
        "synonyms": [
          "High risk"
        ]
      },
      {
        "value": "Very Low",
        "synonyms": [
          "Just a bit of risk"
        ]
      },
      {
        "value": "Low",
        "synonyms": [
          "Low risk"
        ]
      },
      {
        "value": "Medium",
        "synonyms": [
          "Let's start becoming wild"
        ]
      },
      {
        "value": "Very High",
        "synonyms": [
          "I have no fear!"
        ]
      },
      {
        "value": "None",
        "synonyms": [
          "No risk at all"
        ]
      }
    ],
    "valueSelectionStrategy": "TOP_RESOLUTION"
  }
}